Name,Price,Shipping,Available
ASRock B450M PRO4 AM4 AMD Promontory B450 SATA 6Gb/s USB 3.1 HDMI Micro ATX A...,73.99,$3.99 Shipping,In Stock
MSI B450 TOMAHAWK MAX AM4 AMD B450 SATA 6Gb/s ATX AMD Motherboard,124.99,Free Shipping,OUT OF STOCK
MSI B450 GAMING PLUS MAX AM4 AMD B450 SATA 6Gb/s ATX AMD Motherboard,109.99,Free Shipping,OUT OF STOCK



MOBO,Price,Stock
ASRock B450M-HDV R4.0 AMD AM4 mATX Motherboard,69.99,2 in stock
ASRock X399 Taichi AMD TR4 ATX Motherboard,349.99,0 new in stock
ASRock X399 Phantom Gaming 6 AMD TR4 ATX Motherboard,249.99,1 in stock
